stamp_s,estimator_state_stamp_s,position_accepted,position_nis,position_rejection_reason,velocity_observation_enu_mps,velocity_covariance_enu,velocity_accepted,velocity_nis,velocity_rejection_reason
3.0,2.99,True,10.397957569854317,,null,null,,,
4.0,3.99,True,0.9894261810063845,,null,null,,,
5.0,4.99,True,3.0397157700875326,,null,null,,,
6.0,5.99,True,1.578368550816292,,null,null,,,
7.0,6.99,True,4.697886714062848,,"[-0.04473339929099425, -0.5978272337002848, 1.142938949037028]","[[0.18, 0.0, 0.0], [0.0, 0.18, 0.0], [0.0, 0.0, 0.72]]",True,1.2504663338710222,
8.0,7.99,True,4.370689893295885,,null,null,,,
9.0,8.99,True,2.8283700680385175,,null,null,,,
10.0,9.99,True,2.368088498019508,,null,null,,,
11.0,10.99,True,2.970690229498929,,null,null,,,
12.0,11.99,True,0.8318626492089479,,"[0.0826170161436301, -0.2387304914712741, -0.5225741183110217]","[[0.18, 0.0, 0.0], [0.0, 0.18, 0.0], [0.0, 0.0, 0.72]]",True,1.2558816319181718,
13.0,12.99,True,2.2379593933684125,,null,null,,,
14.0,14.0,True,1.2709055022000675,,null,null,,,
15.0,14.99,True,0.5303523568382402,,null,null,,,
16.0,15.99,True,0.26626239649711414,,null,null,,,
17.0,16.99,True,2.2186837088466413,,"[-0.018187147326594398, 0.4391682685280639, 2.1971226502813224]","[[0.18, 0.0, 0.0], [0.0, 0.18, 0.0], [0.0, 0.0, 0.72]]",True,1.2139353256666283,
18.0,17.99,True,0.7044831628329629,,null,null,,,
19.0,19.0,True,5.255047860426075,,null,null,,,
20.0,19.99,True,3.8392947087468157,,null,null,,,
21.0,20.99,True,5.4022979996530385,,null,null,,,
22.0,21.99,True,3.895188622398816,,"[0.17225805664671032, -0.042576949542639395, 3.118191806924435]","[[0.18, 0.0, 0.0], [0.0, 0.18, 0.0], [0.0, 0.0, 0.72]]",True,1.2042891605737909,
23.0,22.99,True,3.7186442814028977,,null,null,,,
24.0,23.99,True,8.546921004391047,,null,null,,,
25.0,24.99,True,2.216652396705106,,null,null,,,
26.0,25.99,True,2.1044499379641812,,null,null,,,
27.0,26.99,False,20.582986997910552,Mahalanobis gate,"[0.7779374371238376, -0.1697293894949709, 3.9064467486484005]","[[0.18, 0.0, 0.0], [0.0, 0.18, 0.0], [0.0, 0.0, 0.72]]",True,9.232594523224874,
28.0,27.99,True,0.802970274484984,,null,null,,,
29.0,28.99,True,4.951832653817499,,null,null,,,
30.0,30.0,True,3.747961903378311,,null,null,,,
31.0,30.99,True,6.647646732559702,,null,null,,,
32.0,31.99,True,5.895554242456545,,"[-1.0383843187011919, 0.12186989102753074, 1.7265518330634748]","[[0.18, 0.0, 0.0], [0.0, 0.18, 0.0], [0.0, 0.0, 0.72]]",True,8.837442473605021,
33.0,32.99,True,7.126488077693622,,null,null,,,
34.0,34.0,True,9.00064380236956,,null,null,,,
35.0,34.99,True,4.631482003794657,,null,null,,,
36.0,35.99,True,13.01469898502714,,null,null,,,
37.0,36.99,True,0.3620193259935482,,"[0.6243808118107281, 0.003909403511489984, 2.6199899487230396]","[[0.18, 0.0, 0.0], [0.0, 0.18, 0.0], [0.0, 0.0, 0.72]]",True,1.6447311258271664,
38.0,37.99,True,0.9682796254866555,,null,null,,,
39.0,38.99,True,0.6170245080191106,,null,null,,,
40.0,39.99,True,5.404754134752613,,null,null,,,
41.0,40.99,True,2.080532612366609,,null,null,,,
42.0,41.99,True,2.2315803668740957,,"[0.7280593991323755, 0.02162649046950449, 2.379937299955361]","[[0.18, 0.0, 0.0], [0.0, 0.18, 0.0], [0.0, 0.0, 0.72]]",False,76.66994424687678,Mahalanobis gate
43.0,42.99,True,0.973867997382855,,null,null,,,
44.0,43.99,True,4.832412939299684,,null,null,,,
45.0,44.99,True,6.541587631626648,,null,null,,,
46.0,45.99,True,7.386611498035199,,null,null,,,
47.0,46.99,True,4.534421608794159,,"[6.727732002857605, 0.13598164218784276, -0.6801613348096481]","[[0.18, 0.0, 0.0], [0.0, 0.18, 0.0], [0.0, 0.0, 0.72]]",True,9.070739490241506,
48.0,47.99,True,2.285700029993266,,null,null,,,
49.0,49.0,True,2.03695227705581,,null,null,,,
50.0,49.99,True,2.0437394155493416,,null,null,,,
51.0,51.0,True,2.574318183601731,,null,null,,,
52.0,51.99,True,4.772300659934238,,"[7.6761591571286, -0.5169181128691214, 1.2854002328953782]","[[0.18, 0.0, 0.0], [0.0, 0.18, 0.0], [0.0, 0.0, 0.72]]",True,3.36504305587062,
53.0,52.99,True,2.0234956071990875,,null,null,,,
54.0,53.99,True,0.911512502693482,,null,null,,,
55.0,54.99,True,1.7012343159584593,,null,null,,,
56.0,55.99,True,0.30737745610491096,,null,null,,,
57.0,57.0,True,0.5894550011316965,,"[7.334940187181928, 0.81187652966061, -0.7021682599350271]","[[0.18, 0.0, 0.0], [0.0, 0.18, 0.0], [0.0, 0.0, 0.72]]",True,2.41764135573819,
58.0,58.0,True,4.9758553393434095,,null,null,,,
59.0,58.99,True,3.7093833530153355,,null,null,,,
60.0,59.99,True,4.47535477269589,,null,null,,,
61.0,60.99,True,0.1707542557073066,,null,null,,,
62.0,61.99,True,2.0963690497065723,,"[7.6556951014034045, -0.3326370001083291, -0.1535891782573941]","[[0.18, 0.0, 0.0], [0.0, 0.18, 0.0], [0.0, 0.0, 0.72]]",True,0.30090526400486944,
63.0,63.0,True,3.729114096240446,,null,null,,,
64.0,63.99,True,4.068053565812338,,null,null,,,
65.0,65.0,True,3.8399324308265435,,null,null,,,
66.0,65.99,True,5.000000723245893,,null,null,,,
67.0,66.99,True,16.138305272373614,,"[4.087229699183899, 2.1374261717230993, 1.1034967548244112]","[[0.18, 0.0, 0.0], [0.0, 0.18, 0.0], [0.0, 0.0, 0.72]]",False,53.267780100790745,Mahalanobis gate
68.0,67.99,True,3.3977508664028027,,null,null,,,
69.0,68.99,True,1.1872664043244048,,null,null,,,
70.0,69.99,True,1.2654007900450825,,null,null,,,
71.0,70.99,True,3.820143298533453,,null,null,,,
72.0,71.99,True,8.73937151423198,,"[0.07752743848944306, 5.7989339463824106, 0.15575848054621985]","[[0.18, 0.0, 0.0], [0.0, 0.18, 0.0], [0.0, 0.0, 0.72]]",False,17.10662405601687,Mahalanobis gate
73.0,72.99,True,1.0509925733639283,,null,null,,,
74.0,73.99,True,1.4701363032167938,,null,null,,,
75.0,74.99,True,12.665795756246133,,null,null,,,
76.0,75.99,True,1.5108402982359679,,null,null,,,
77.0,76.99,True,2.1421035418401733,,"[0.041915574716762195, 7.713775563663821, -0.9381336975548635]","[[0.18, 0.0, 0.0], [0.0, 0.18, 0.0], [0.0, 0.0, 0.72]]",True,1.4143055509340248,
78.0,77.99,True,1.4285001959043977,,null,null,,,
79.0,78.99,True,3.17876877094299,,null,null,,,
