stamp_s,estimator_state_stamp_s,position_accepted,position_nis,position_rejection_reason,velocity_observation_enu_mps,velocity_covariance_enu,velocity_accepted,velocity_nis,velocity_rejection_reason,velocity_sample_count,velocity_span_s,velocity_residual_rms_m,velocity_rejected_stamps
3.0,2.99,True,1.8237235428636445,,null,null,,,window_not_ready,1,,,[]
4.0,3.99,False,16.470944903695525,Mahalanobis gate,null,null,,,window_not_ready,2,,,[]
5.0,4.99,True,2.469403079475187,,null,null,,,window_not_ready,3,,,[]
6.0,5.99,True,4.56165302657145,,null,null,,,window_not_ready,4,,,[]
7.0,6.99,True,4.274748656630057,,null,null,,,window_not_ready,5,,,[]
8.0,7.99,True,4.340984173708053,,null,null,,,window_not_ready,6,,,[]
9.0,9.0,True,1.7211473855013308,,null,null,,,window_not_ready,7,,,[]
10.0,10.0,True,14.45965612680877,,"[-0.1742006259796904, 0.11937758100038004, -0.14808587919674543]","[[0.053571428571428575, 0.0, 0.0], [0.0, 0.053571428571428575, 0.0], [0.0, 0.0, 0.2142857142857143]]",True,3.8924473394680073,,8,7.0,2.2546510938242132,[]
11.0,10.99,True,2.0732724246635006,,null,null,,,window_not_ready,1,,,[]
12.0,11.99,True,9.47654182892185,,null,null,,,window_not_ready,2,,,[]
13.0,12.99,True,7.689143567775806,,null,null,,,window_not_ready,3,,,[]
14.0,14.0,True,7.748103830409461,,null,null,,,window_not_ready,4,,,[]
15.0,15.0,False,17.74020810642947,Mahalanobis gate,null,null,,,window_not_ready,5,,,[]
16.0,16.0,False,19.186104275782746,Mahalanobis gate,null,null,,,window_not_ready,6,,,[]
17.0,16.99,True,7.730555175916148,,null,null,,,window_not_ready,7,,,[]
18.0,17.99,True,9.786674507754931,,"[-0.008492101689958592, 0.016591465955336032, 3.1099200450507647]","[[0.053571428571428575, 0.0, 0.0], [0.0, 0.053571428571428575, 0.0], [0.0, 0.0, 0.2142857142857143]]",True,0.4694378171881269,,8,7.0,1.5929521932647894,[]
19.0,18.99,True,2.0538222471410004,,null,null,,,window_not_ready,1,,,[]
20.0,19.99,True,3.6132644923216954,,null,null,,,window_not_ready,2,,,[]
